dbms,sf,sequential_queries,sequential_mean_latency_s,sequential_median_latency_s,sequential_p95_latency_s,sequential_errors,q1_fixed_time_success,q1_fixed_time_mean_throughput_qps
mysql,1.0,220.0,29.41014611839121,14.804296172002068,30.36467224017974,0,2574.0,0.9710269751776894
oracle,1.0,150.0,1.0030860274805067,0.5532967475010082,1.0355246866573482,70,,
postgres,1.0,220.0,137.14409087896803,0.5487459355008468,750.9592585281936,0,8386.0,3.1714873279446354
sqlserver,1.0,140.0,2.2815528137787626,2.1308238077472197,2.3468821148929626,80,1755.0,0.6630341431205441
