dbms,sf,threads,mean_throughput_speedup,mean_efficiency,mean_throughput_qps
oracle,10.0,1,1.0,1.0,6.2974768033628035
oracle,10.0,4,3.023684323142712,0.755921080785678,19.357698015202736
oracle,10.0,8,5.030972148939963,0.6288715186174954,32.488094553134935
oracle,10.0,16,7.675098579907652,0.47969366124422824,49.76415314907747
