dbms,sf,sequential_queries,sequential_mean_latency_s,sequential_median_latency_s,sequential_p95_latency_s,sequential_errors,q1_fixed_time_success,q1_fixed_time_mean_throughput_qps
mysql,1.0,220.0,26.265257067354593,13.55608984824994,27.029375339075102,0,2630,0.9920902699203222
oracle,1.0,150.0,1.0257277838667749,0.5475204624999606,1.0607402421138492,70,2335,0.8813064486930419
postgres,1.0,220.0,2.2807181520272737,0.5449357497500102,9.220376843672707,0,8493,3.2117385046619775
sqlserver,1.0,140.0,2.2795346470286986,2.1343013192508806,2.3640307040964865,80,1803,0.6808866910057406
